epoch;mode;MR;MRR;Hits@1;Hits@3;Hits@10;AMRI;MR_deviation
4;valid;6559.805908203125;0.08076610043644905;0.04795649275183678;0.08618985116481781;0.14584706723690033;0.6796128153800964;3.0
9;valid;5720.399658203125;0.21309515833854675;0.12870797514915466;0.2607119381427765;0.3768951892852783;0.7206165194511414;1.0
final;test;7749.332275390625;0.1001390665769577;0.023452457040548325;0.13800255954265594;0.24904276430606842;0.6215063333511353;3068.0
