epoch;sub_000;sub_001
0;11.432793008414924;11.352951241004337
1;10.441945665672492;10.364940003790304
2;9.935535667007027;9.818176558237269
3;9.488949573341458;9.342781463414168
4;9.013938933063663;8.873455739059215
5;8.520350147684065;8.38637881886516
6;8.038667608514297;7.883486987430084
7;7.5874037101961065;7.398344063913232
8;7.177413642757377;6.969797134865317
9;6.817047447406327;6.607765723764599
