Subgraph_amount;rho;MRR
3;-1;0.26252
3;0.5;0.20573
3;1.0;0.20938
3;2.0;0.2207
5;-1;0.25889
5;0.5;0.1596
5;1.0;0.17671
5;2.0;0.21223
10;-1;0.25085
10;0.5;0.16943
10;1.0;0.17414
10;2.0;0.20067
20;-1;0.25264
20;0.5;0.16554
20;1.0;0.17315
20;2.0;0.19252
30;-1;0.25169
30;0.5;0.16528
30;1.0;0.15138
30;2.0;0.19736
40;-1;0.25266
40;0.5;0.15711
40;1.0;0.16492
40;2.0;0.18453
50;-1;0.24725
50;0.5;0.14889
50;1.0;0.16623
50;2.0;0.19579
