Subgraph_amount;rho;MRR
5;-1;0.28541
5;0.5;0.23035
5;1.0;0.23594
5;2.0;0.23189
10;-1;0.28801
10;0.5;0.22343
10;1.0;
10;2.0;
20;-1;0.29263
20;0.5;
20;1.0;
20;2.0;
30;-1;
30;0.5;
30;1.0;
30;2.0;
40;-1;
40;0.5;
40;1.0;
40;2.0;
50;-1;
50;0.5;
50;1.0;
50;2.0;
