Subgraph_amount;rho;MRR
3;-1;0.27531
3;0.5;0.26173
3;1.0;0.25599
3;2.0;0.2584
5;-1;0.27949
5;0.5;0.25751
5;1.0;0.26575
5;2.0;0.26635
10;-1;0.27796
10;0.5;0.25982
10;1.0;0.25684
10;2.0;0.27008
20;-1;0.27891
20;0.5;0.25799
20;1.0;0.25934
20;2.0;0.26439
30;-1;0.28195
30;0.5;0.25322
30;1.0;0.25555
30;2.0;0.26122
40;-1;0.27853
40;0.5;0.24772
40;1.0;0.25343
40;2.0;0.25845
50;-1;0.28268
50;0.5;0.24668
50;1.0;0.25248
50;2.0;0.26319
