entities_per_step;sampling_time;triples_deviation
1;18.67792;5.72
2;14.24436;9.4
4;12.39184;15.96
6;11.8062;24.36
8;11.37344;20
10;11.41088;37.84
15;10.75644;23.88
20;10.80036;38.48
25;10.07356;45.6
30;11.01364;58.04
40;10.4162;78.12
50;10.78776;88.44