epoch;mode;MR;MRR;Hits@1;Hits@3;Hits@10;AMRI;MR_deviation
4;valid;11211.0146484375;0.19612110406160355;0.15524061024188995;0.21390902996063232;0.26994067430496216;0.45240873098373413;5.0
9;valid;10408.4267578125;0.30823053419589996;0.2621951103210449;0.33915621042251587;0.3889254927635193;0.4916139245033264;2.0
14;valid;10469.0517578125;0.3153349906206131;0.2664799094200134;0.3500329554080963;0.3994726538658142;0.48865246772766113;2.0
19;valid;10579.73046875;0.31561489403247833;0.2663151025772095;0.35151612758636475;0.39733025431632996;0.48324599862098694;2.0
24;valid;10665.8818359375;0.31503039598464966;0.2646670937538147;0.3511865735054016;0.39782464504241943;0.4790376126766205;1.0
29;valid;10752.18701171875;0.312746062874794;0.2621951103210449;0.3497033715248108;0.39963746070861816;0.47482171654701233;2.0
final;test;17446.30908203125;0.12034925445914268;0.03765156492590904;0.18044033646583557;0.28111040592193604;0.14782455563545227;1675.0
