epoch;mode;MR;MRR;Hits@1;Hits@3;Hits@10;AMRI;MR_deviation
4;valid;10932.0283203125;0.3141319006681442;0.2852669954299927;0.3256427049636841;0.3711272180080414;0.46603676676750183;2.0
9;valid;10534.97021484375;0.4500407725572586;0.43457484245300293;0.4568226635456085;0.4790705442428589;0.4854324162006378;1.0
final;test;18674.197265625;0.047299886122345924;0.008296106941998005;0.0596681572496891;0.12715379893779755;0.08784416317939758;1937.0
