epoch;mode;MR;MRR;Hits@1;Hits@3;Hits@10;AMRI;MR_deviation
4;valid;11064.69140625;0.15201696008443832;0.11502966284751892;0.16529333591461182;0.22083058953285217;0.45955637097358704;2.0
9;valid;10917.13525390625;0.27588440477848053;0.22412656247615814;0.3089980185031891;0.36618325114250183;0.4667642414569855;3.0
14;valid;10849.70263671875;0.2940652221441269;0.24077126383781433;0.3335530757904053;0.380520761013031;0.4700582027435303;9.0
19;valid;10908.30419921875;0.300283282995224;0.2488464117050171;0.33965063095092773;0.38068556785583496;0.46719563007354736;2.0
24;valid;10970.009765625;0.30074089765548706;0.2491759955883026;0.3414634168148041;0.3808503746986389;0.46418148279190063;4.0
29;valid;11004.38623046875;0.2999560832977295;0.24752801656723022;0.3414634168148041;0.3808503746986389;0.46250221133232117;6.0
final;test;18160.6435546875;0.11171922087669373;0.03557753562927246;0.16783663630485535;0.2629227638244629;0.11293041706085205;1751.0
