epoch;mode;MR;MRR;Hits@1;Hits@3;Hits@10;AMRI;MR_deviation
4;valid;9129.000732421875;0.37734366953372955;0.35217535495758057;0.3877719044685364;0.42270928621292114;0.5541117787361145;7.0
9;valid;8425.269775390625;0.47950367629528046;0.46292024850845337;0.4873104691505432;0.5100527405738831;0.5884879231452942;0.0
final;test;17254.69921875;0.06544779986143112;0.015634970739483833;0.08615188300609589;0.1654435247182846;0.1571844518184662;2497.0
