epoch;mode;MR;MRR;Hits@1;Hits@3;Hits@10;AMRI;MR_deviation
4;valid;5868.909912109375;0.11265869438648224;0.06410679221153259;0.12705999612808228;0.2096242606639862;0.7133619785308838;4.0
9;valid;5306.4697265625;0.20917876809835434;0.11585365235805511;0.26647987961769104;0.391727089881897;0.7408363223075867;5.0
final;test;7567.323974609375;0.09619332477450371;0.020740266889333725;0.13417357206344604;0.24824506044387817;0.6303972005844116;2703.0
