epoch;sub_000;sub_001
0;11.390022838191893;11.317904211982892
1;10.254334589688426;10.174654961014037
2;9.569448591856721;9.517219934952431
3;8.996328554563016;8.997555379573468
4;8.468484711687974;8.51182665981275
5;7.966562915545829;8.040578707282515
6;7.508106971723856;7.593280889191192
7;7.108895674109086;7.1790777071849385
8;6.768171892202666;6.8132801777921985
9;6.479019246959121;6.496892433094872
